New South Wales,Sydney
Victoria,Melbourne
Queensland,Brisbane
Western Australia,Perth
South Australia,Adelaide
Australian Capital Territory,Canberra
Queensland,Gold Coast
Victoria,Cranbourne
New South Wales,Central Coast
New South Wales,Wollongong
Tasmania,Hobart
Victoria,Geelong
Queensland,Townsville
Queensland,Ipswich
New South Wales,Newcastle
Queensland,Cairns
Northern Territory,Darwin
Queensland,Toowoomba
Tasmania,Launceston
Queensland,Caloundra
Victoria,Dandenong
New South Wales,Campbelltown
Victoria,Leopold
Queensland,Corinda
New South Wales,Worragee
Victoria,Ballarat
Victoria,Bendigo
Western Australia,Bunbury
Queensland,Bundaberg
New South Wales,Wagga Wagga
Victoria,Melton
Queensland,Hervey Bay
Victoria,Pakenham
New South Wales,Port Macquarie
New South Wales,Dubbo
New South Wales,Orange
Victoria,Frankston
Victoria,Sunbury
New South Wales,Bathurst
Queensland,Gladstone
Victoria,Mildura
Queensland,Southport
Western Australia,Geraldton
Victoria,Shepparton
Western Australia,Kalgoorlie
Victoria,Warrnambool
Western Australia,Albany
New South Wales,Quakers Hill
Tasmania,Burnie
Queensland,Caboolture
New South Wales,Coffs Harbour
South Australia,Mount Gambier
Victoria,Traralgon
Western Australia,Busselton
New South Wales,Armidale
Northern Territory,Alice Springs
Tasmania,Devonport
New South Wales,Goulburn
South Australia,Whyalla
Western Australia,Kwinana
Victoria,Mount Eliza
New South Wales,Griffith
Victoria,Wodonga
Queensland,Narangba
Victoria,Wangaratta
New South Wales,Broken Hill
New South Wales,Taree
New South Wales,Banora Point
Queensland,Nerang
Victoria,Lara
New South Wales,Cessnock
Victoria,Warragul
Western Australia,Karratha
Queensland,Maryborough
New South Wales,Ulladulla
South Australia,Murray Bridge
Tasmania,Ulverstone
Victoria,Barwon Heads
Victoria,Horsham
Western Australia,Australind
Queensland,Rochedale
New South Wales,Penrith
Queensland,Bongaree
Victoria,Echuca
Victoria,Morwell
Queensland,Emerald
South Australia,Port Lincoln
New South Wales,Forster
South Australia,Mount Barker
New South Wales,Goonellabah
New South Wales,Raymond Terrace
Victoria,Torquay
Victoria,Sale
New South Wales,Rutherford
Queensland,Jimboomba
Queensland,Dalby
Queensland,Warwick
New South Wales,Muswellbrook
Victoria,Drouin
New South Wales,Inverell
New South Wales,Parkes
New South Wales,Nelson Bay
Victoria,Wallan
Queensland,Nambour
Victoria,Somerville
Queensland,Gracemere
Tasmania,Kingston
New South Wales,Casino
Queensland,Mareeba
New South Wales,Grafton
Queensland,Gympie
Queensland,Bowen
New South Wales,Young
New South Wales,Bowral
New South Wales,Nowra
Victoria,Swan Hill
Victoria,Mount Evelyn
Victoria,Benalla
New South Wales,Mudgee
New South Wales,Cowra
Queensland,Kingaroy
Victoria,Kangaroo Flat
Victoria,Hamilton
New South Wales,Ballina
Queensland,Andergrove
New South Wales,Moree
Victoria,Portland
Queensland,Highfields
New South Wales,Gunnedah
New South Wales,Springwood
Victoria,Colac
Queensland,Ayr
New South Wales,Leeton
New South Wales,Tweed Heads
Victoria,Moe
Victoria,Gisborne
Queensland,Moranbah
Western Australia,Yanchep
Queensland,Currumbin
Queensland,Bli Bli
Victoria,Ararat
New South Wales,Kelso
New South Wales,Moss Vale
Victoria,Clifton Springs
New South Wales,Katoomba
Victoria,Bairnsdale
New South Wales,Emu Plains
Victoria,Wollert
New South Wales,Merrimac
Queensland,Charters Towers
Victoria,Rye
New South Wales,Deniliquin
Victoria,Mooroopna
New South Wales,Forbes
Queensland,Redlynch
Victoria,Maryborough
New South Wales,Narrabri
New South Wales,Kingscliff
Queensland,Atherton
Victoria,Darley
Victoria,Kilmore
Queensland,Gatton
New South Wales,Blaxland
Victoria,Yarrawonga
Western Australia,Collie
Victoria,Kyabram
New South Wales,Sanctuary Point
Victoria,Healesville
Queensland,Burpengary
Western Australia,Margaret River
Queensland,Urraween
New South Wales,Kiama
Victoria,Narre Warren North
Queensland,Bargara
Western Australia,Mandurah
Victoria,Kyneton
Western Australia,Fremantle
New South Wales,Murwillumbah
New South Wales,Cootamundra
Queensland,Gordonvale
Victoria,Bacchus Marsh
Queensland,Roma
Queensland,Waterford
Queensland,North Tamborine
New South Wales,Kurri Kurri
Victoria,Castlemaine
South Australia,Port Augusta
New South Wales,Lennox Head
New South Wales,Bomaderry
New South Wales,Tuncurry
South Australia,Strathalbyn
Queensland,Yeppoon
Victoria,Seymour
New South Wales,Wauchope
Queensland,Beaudesert
New South Wales,Helensburgh
New South Wales,Yass
Western Australia,Newman
New South Wales,Cooma
South Australia,Nuriootpa
Queensland,Beerwah
Queensland,Chinchilla
Queensland,Goondiwindi
New South Wales,Tumut
Queensland,Cannonvale
New South Wales,Nambucca Heads
Tasmania,Wynyard
Queensland,North Mackay
Western Australia,Northam
Queensland,Mount Cotton
New South Wales,Alstonville
New South Wales,Glen Innes
New South Wales,Yamba
Queensland,Biloela
New South Wales,Kiama Downs
New South Wales,Pottsville
Victoria,Lysterfield
Victoria,Lakes Entrance
Victoria,Stawell
New South Wales,Wentworth Falls
New South Wales,Mittagong
New South Wales,Scone
Queensland,Tannum Sands
Victoria,Dromana
Queensland,Palmwoods
Victoria,Leongatha
New South Wales,South Grafton
Queensland,Point Vernon
Western Australia,Kununurra
South Australia,Naracoorte
New South Wales,Corowa
New South Wales,Woolgoolga
Victoria,Cobram
New South Wales,Queanbeyan
New South Wales,Albury
Victoria,Maffra
New South Wales,Tahmoor
Victoria,Woodend
Victoria,Inverloch
Victoria,Whittlesea
New South Wales,Lithgow
Victoria,Emerald
New South Wales,Richmond
Tasmania,New Norfolk
New South Wales,East Ballina
Queensland,Sarina
New South Wales,Wingham
South Australia,Millicent
Western Australia,Dunsborough
Victoria,Irymple
New South Wales,Cooranbong
Victoria,Red Cliffs
South Australia,Nairne
Victoria,Bannockburn
New South Wales,Glenbrook
Queensland,Smithfield Heights
Queensland,Calliope
New South Wales,Byron Bay
Queensland,Glass House Mountains
New South Wales,Singleton
Victoria,Wonthaggi
New South Wales,Ocean Shores
South Australia,Berri
Northern Territory,Howard Springs
Queensland,Mackay
South Australia,Victor Harbor
New South Wales,Lismore
Queensland,Ingham
Western Australia,Manjimup
Tasmania,Smithton
Western Australia,Narrogin
Queensland,Proserpine
New South Wales,Merimbula
Western Australia,Broome
Western Australia,Katanning
Western Australia,Port Hedland
Queensland,Charleville
Queensland,Weipa
Queensland,Port Douglas
South Australia,Clare
South Australia,Wallaroo
Queensland,Longreach
Queensland,Rockhampton
Western Australia,Tom Price
Queensland,Cloncurry
South Australia,Bordertown
Western Australia,Mount Barker
Western Australia,Esperance
Western Australia,Merredin
Tasmania,Scottsdale
New South Wales,Maitland
New South Wales,Bourke
Western Australia,Exmouth
Tasmania,Queenstown
South Australia,Tumby Bay
South Australia,Penola
Western Australia,Kalbarri
Queensland,Innisfail
New South Wales,Batemans Bay
Western Australia,Port Denison
Queensland,Barcaldine
South Australia,Kingston South East
Western Australia,Wagin
South Australia,Gawler
South Australia,Peterborough
South Australia,Streaky Bay
Western Australia,Halls Creek
Victoria,Ouyen
Northern Territory,Katherine
Queensland,Mount Isa
Queensland,Hughenden
South Australia,Port Pirie
South Australia,Meningie
South Australia,Cowell
Western Australia,Meekatharra
Northern Territory,Yulara
Western Australia,Wyndham
Western Australia,Roebourne
Tasmania,Bicheno
Queensland,Winton
Tasmania,Oatlands
Western Australia,Leonora
New South Wales,Kempsey
Western Australia,Gingin
New South Wales,Wilcannia
Western Australia,Onslow
Western Australia,Laverton
Western Australia,Morawa
Western Australia,Southern Cross
Queensland,Quilpie
New South Wales,Tamworth
Western Australia,Norseman
Western Australia,Ravensthorpe
Queensland,Eidsvold
Western Australia,Pannawonica
South Australia,Kimba
Queensland,Richmond
Western Australia,Mount Magnet
Western Australia,Three Springs
Queensland,Theodore
Western Australia,Carnarvon
Queensland,Karumba
South Australia,Andamooka
Queensland,Georgetown
Queensland,Boulia
Northern Territory,Adelaide River
Queensland,Burketown
New South Wales,Ivanhoe
Queensland,Thargomindah
Northern Territory,Pine Creek
Queensland,Camooweal
Queensland,Birdsville
Queensland,Bedourie
Queensland,Windorah
South Australia,Kingoonya
Western Australia,Bullsbrook
Northern Territory,McMinns Lagoon
South Australia,Ceduna
South Australia,Woomera